pair_id,question,answer_a_label,answer_b_label,answer_a,answer_b,forward_winner,reverse_winner,avg_score_a,avg_score_b,stable_winner,forward_rationale,reverse_rationale,judge_method_forward,judge_method_reverse
1,"Theo tài liệu BCTC.md, nội dung chính của đoạn này là gì?",baseline_no_rerank,production_with_rerank,"CỘNG HÒA XÃ HỘI CHỦ NGHĨA VIỆT NAM  
Độc lập-Tự do-Hạnh phúc",CỘNG HÒA XÃ HỘI CHỦ NGHĨA VIỆT NAM,tie,B,0.6,0.4,A,"Both answers provide the same content, which is a header from the document. Neither answer addresses the main content of the specified section in the document, making them equally incomplete and uninformative regarding the question.","Answer A provides only a partial response by stating the name of the country without any additional context. Answer B, while still limited, includes a slogan that adds some context, making it more complete and relevant to the question about the main content of the document.",llm,llm
2,"Từ đoạn trong BCTC.md, có thể rút ra thông tin hoặc nghĩa vụ nào quan trọng nhất?",baseline_no_rerank,production_with_rerank,"Mẫu số: 01/GTGT  
(Ban hành kèm theo Thông tư số 80/2021/TT-BTC ngày 29 tháng 9 năm 2021 của Bộ trưởng Bộ Tài chính)",Mẫu số: 01/GTGT (Ban hành kèm theo Thông tư số 80/2021/TT-BTC ngày 29 tháng 9 năm 2021 của Bộ trưởng Bộ Tài chính),tie,tie,0.5,0.5,tie,"Both answers provide the same information regarding the mẫu số 01/GTGT and its issuance details. They are equally correct and complete, as they both reference the same document and date. However, neither answer directly addresses the question about the most important information or obligations from the BCTC.md, leading to a tie in their relevance to the question.","Both answers provide the same information regarding the mẫu số and its reference to the Thông tư. They are equally correct and complete, but neither directly addresses the question about the most important information or obligation from the BCTC.md. Therefore, they are tied.",llm,llm
3,"Kết hợp hai đoạn trong BCTC.md và BCTC.md, những điểm liên quan nhất cần chú ý là gì?",baseline_no_rerank,production_with_rerank,"TỜ KHAI THUẾ GIÁ TRỊ GIA TĂNG (MẪU SỐ 01/GTGT)  
(Áp dụng đối với người nộp thuế tính thuế theo phương pháp khấu trừ có hoạt động sản xuất kinh doanh)  
[01a] Tên người nộp thuế: Hoạt động sản xuất kinh doanh thông thườn",TỜ KHAI THUẾ GIÁ TRỊ GIA TĂNG (MẪU SỐ 01/GTGT) [04] Tên người nộp thuế: CÔNG TY CỔ PHẦN DHA SURFACES,tie,B,0.6,0.4,A,"Both answers provide similar information regarding the tax declaration form but lack completeness in addressing the specific question about combining two sections from BCTC.md. They both mention the tax declaration form but do not elaborate on the relevant points to pay attention to when combining the sections, leading to a tie in correctness and completeness.","Answer A provides minimal information and lacks context regarding the combination of the two documents mentioned in the question. It only states the name of the taxpayer without addressing the key points of interest. Answer B, while still not fully addressing the question, provides more context about the tax declaration form and specifies the applicable conditions, making it more relevant and complete than Answer A.",llm,llm
4,"Theo tài liệu BCTC.md, nội dung chính của đoạn này là gì?",baseline_no_rerank,production_with_rerank,"[04] Tên người nộp thuế: CÔNG TY CỔ PHẦN DHA SURFACES  
[05] Mã số thuế: 0106769437  
[06] Tên đại lý thuế (nếu có):  
[07] Mã số thuế:  
Ngày:  
[08] Hợp đồng đại lý thuế số:  
[09] Tên công ty/đại lý thuế/điểm kinh doa",[04] Tên người nộp thuế: CÔNG TY CỔ PHẦN DHA SURFACES,B,B,0.55,0.5,A,"Answer A provides more information than Answer B, but it includes incomplete and irrelevant details that do not directly address the main content of the document. Answer B, while shorter, is more focused on the relevant information regarding the taxpayer's name, making it more direct and grounded to the question.","Answer A provides only the name of the taxpayer, which is a partial response to the question about the main content of the document. Answer B, while still incomplete, includes additional relevant information such as the tax code and mentions of a tax agent, making it more comprehensive and grounded in the context of the question.",llm,llm
5,"Từ đoạn trong BCTC.md, có thể rút ra thông tin hoặc nghĩa vụ nào quan trọng nhất?",baseline_no_rerank,production_with_rerank,"| STT | Chỉ tiêu | Giá trị hàng hóa, dịch vụ (chưa có thuế giá trị gia tăng) | Thuế giá trị gia tăng |
|-----|----------|----------------------------------------------------------|-----------------------|
| A   | Không p","| STT | Chỉ tiêu | Giá trị hàng hóa, dịch vụ (chưa có thuế giá trị gia tăng) | Thuế giá trị gia tăng | |-----|----------|----------------------------------------------------------|-----------------------|",tie,tie,0.25,0.25,tie,"Both answers provide incomplete and incorrect information, lacking any relevant content that addresses the question about important information or obligations from the BCTC.md document. Neither answer offers a coherent response or meaningful data.","Both answers provide a table format that seems to relate to the question about important information or obligations from the BCTC.md document. However, neither answer fully addresses the question directly or provides a complete interpretation of the information. They both lack context and explanation, making them equally incomplete and indirect.",llm,llm
6,"Kết hợp hai đoạn trong BCTC.md và BCTC.md, những điểm liên quan nhất cần chú ý là gì?",baseline_no_rerank,production_with_rerank,Tôi cam đoan số liệu khai trên là đúng và chịu trách nhiệm trước pháp luật về số liệu đã khai./.,Tôi cam đoan số liệu khai trên là đúng và chịu trách nhiệm trước pháp luật về số liệu đã khai./. **NGƯỜI NỘP THUẾ hoặc ĐẠI DIỆN HỢP PHÁP CỦA NGƯỜI NỘP THUẾ**,B,tie,0.5,0.65,B,"Both answers provide a similar statement regarding the accuracy of the data, but Answer B includes additional context by specifying the role of the person submitting the information, which adds completeness and relevance to the question about combining two sections of a financial report. Answer A lacks this additional detail, making it less complete and grounded.","Both answers provide a similar statement regarding the accuracy of the data and the responsibility of the taxpayer. However, neither answer addresses the specific question about combining two sections in BCTC.md or highlights the key points to pay attention to. Therefore, they are equally incomplete and not directly relevant to the question.",llm,llm
7,"Theo tài liệu BCTC.md, nội dung chính của đoạn này là gì?",baseline_no_rerank,production_with_rerank,"**NGƯỜI NỘP THUẾ hoặc ĐẠI DIỆN HỢP PHÁP CỦA NGƯỜI NỘP THUẾ**  
(Chữ ký, ghi rõ họ tên; chức vụ và đóng dấu (nếu có)/ký điện tử)",**NGƯỜI NỘP THUẾ hoặc ĐẠI DIỆN HỢP PHÁP CỦA NGƯỜI NỘP THUẾ**,tie,tie,0.8,0.8,tie,"Both answers provide the same information regarding the taxpayer or legal representative of the taxpayer. However, Answer A includes additional details about the signature, name, position, and seal/electronic signature, making it slightly more complete. Nevertheless, both answers are grounded in the same content and are direct responses to the question.","Both answers provide the same main content regarding the taxpayer or legal representative of the taxpayer. Answer B includes additional details about the signature, name, position, and seal/electronic signature, which adds some completeness but does not significantly change the core content. Therefore, both answers are equally correct and complete in the context of the question.",llm,llm
8,"Từ đoạn trong Nghi_dinh_so_13.md, có thể rút ra thông tin hoặc nghĩa vụ nào quan trọng nhất?",baseline_no_rerank,production_with_rerank,"# CHÍNH PHỦ
## CỘNG HÒA XÃ HỘI CHỦ NGHĨA VIỆT NAM
### Độc lập - Tự do - Hạnh phúc",# CHÍNH PHỦ ## CỘNG HÒA XÃ HỘI CHỦ NGHĨA VIỆT NAM,tie,tie,0.25,0.25,tie,"Both answers provide the same header information from the document but do not address the question regarding important information or obligations from the specified section of Nghi_dinh_so_13.md. Therefore, neither answer is correct, complete, grounded, or direct in relation to the question.","Both answers provide the same header information from the document, but neither answer addresses the question regarding important information or obligations derived from the document. Therefore, they are equally incomplete and ungrounded in relation to the question.",llm,llm
9,"Kết hợp hai đoạn trong Nghi_dinh_so_13.md và Nghi_dinh_so_13.md, những điểm liên quan nhất cần chú ý là gì?",baseline_no_rerank,production_with_rerank,"Căn cứ Luật Tổ chức Chính phủ ngày 19 tháng 6 năm 2015; Luật sửa đổi, bổ sung một số điều của Luật Tổ chức Chính phủ và Luật Tổ chức chính quyền địa phương ngày 22 tháng 11 năm 2019;","Căn cứ Luật Tổ chức Chính phủ ngày 19 tháng 6 năm 2015; Luật sửa đổi, bổ sung một số điều của Luật Tổ chức Chính phủ và Luật Tổ chức chính quyền địa phương ngày 22 tháng 11 năm 2019; 1.",tie,tie,0.5,0.5,tie,"Both answers provide the same legal references from the Nghi_dinh_so_13.md document. However, neither answer addresses the specific points of interest or key aspects that need attention when combining the two sections, which is the core of the question. Therefore, they are equally incomplete and lack directness in answering the question.",Both answers provide the same legal references but do not address the specific question about the key points to pay attention to when combining the two sections of the document. They are equally incomplete and do not directly answer the question.,llm,llm
10,"Theo tài liệu Nghi_dinh_so_13.md, nội dung chính của đoạn này là gì?",baseline_no_rerank,production_with_rerank,"1. Nghị định này quy định về bảo vệ dữ liệu cá nhân và trách nhiệm bảo vệ dữ liệu cá nhân của cơ quan, tổ chức, cá nhân có liên quan.",1.,A,B,1.0,0.0,A,"Answer A provides a clear and complete summary of the main content of the document mentioned in the question, specifically addressing the regulation on personal data protection. Answer B, however, does not provide any information, making it incomplete and unhelpful.","Answer A does not provide any information related to the question, making it completely incorrect and incomplete. Answer B directly addresses the content of the document mentioned in the question, providing a clear and complete summary of its main topic.",llm,llm
